,0,1,2,3
209,RT @GOP: All Joe Biden has done for Americans is build back broke.,-14.159183755686652,http://abs.twimg.com/sticky/default_profile_images/default_profile_normal.png,Mon Dec 06 07:12:02 +0000 2021
214,"@SpeakerPelosi Statement of President Joe¬†Biden on the Passing of Senator Bob¬†Dole
https://t.co/QLXu6LMdIZ",-14.366162370147507,http://pbs.twimg.com/profile_images/1466867858193985548/RglL_Yoi_normal.jpg,Mon Dec 06 07:29:51 +0000 2021
215,"@SenSchumer @baseballhall Statement of President Joe¬†Biden on the Passing of Senator Bob¬†Dole
https://t.co/QLXu6LMdIZ",-14.559777933560222,http://pbs.twimg.com/profile_images/1466867858193985548/RglL_Yoi_normal.jpg,Mon Dec 06 07:30:32 +0000 2021
216,@MdlovetheUS @hodgetwins Joe Biden said he would beat the virus what a lie and ppl believed it,-14.913127040529371,http://pbs.twimg.com/profile_images/1374577107636994048/WNx3nOn__normal.jpg,Mon Dec 06 07:33:35 +0000 2021
212,"It is Monday December 06, 2021, 02:26:01. Joe Biden has not restored immigration opportunity to those denied under‚Ä¶ https://t.co/jvdJeVy1dt",-15.229208587502848,http://pbs.twimg.com/profile_images/1353007044924682241/-jdjG72Y_normal.jpg,Mon Dec 06 07:26:01 +0000 2021
201,hello,-17.991863588868263,http://pbs.twimg.com/profile_images/565145813253242880/KN5Xg8Tt_normal.jpeg,Mon Dec 06 08:15:07 +0000 2021
106,hello,-17.991863588868263,http://pbs.twimg.com/profile_images/1463075595751936000/X-FMXv_x_normal.jpg,Mon Dec 06 07:37:23 +0000 2021
155,@o0okee Hello,-19.208258913192758,http://pbs.twimg.com/profile_images/1467757797064380417/U3YXbcic_normal.jpg,Mon Dec 06 07:58:52 +0000 2021
159,@AxieinfinitySam Hello,-19.208258913192758,http://pbs.twimg.com/profile_images/1449354408492355588/kQstAIJ1_normal.jpg,Mon Dec 06 07:59:11 +0000 2021
139,hello https://t.co/49ffHGCrL0,-19.208258913192758,http://pbs.twimg.com/profile_images/1410089917498093572/V9jWd0m-_normal.jpg,Mon Dec 06 07:52:08 +0000 2021
136,Hello https://t.co/H0GtTAz9pi,-19.208258913192758,http://pbs.twimg.com/profile_images/1454737813552132096/j8p0LW32_normal.jpg,Mon Dec 06 07:51:15 +0000 2021
27,@jikoolust hello,-19.208258913192758,http://pbs.twimg.com/profile_images/1465885410068815874/l9m5Wrcp_normal.jpg,Mon Dec 06 07:10:16 +0000 2021
144,@pshreyaa716 Hello,-19.208258913192758,http://pbs.twimg.com/profile_images/1465353356281475078/kxrpb9W0_normal.jpg,Mon Dec 06 07:54:00 +0000 2021
72,@THEDUBAIQUEEN Hello,-19.208258913192758,http://abs.twimg.com/sticky/default_profile_images/default_profile_normal.png,Mon Dec 06 07:25:39 +0000 2021
15,HELLO !!!!!,-19.208258913192758,http://pbs.twimg.com/profile_images/1456398229331800080/iJD_h-Tc_normal.jpg,Mon Dec 06 07:06:33 +0000 2021
91,@jeayunki hello,-19.208258913192758,http://pbs.twimg.com/profile_images/1465285347806355457/Lc0DrHsa_normal.jpg,Mon Dec 06 07:31:34 +0000 2021
52,Hello World (1638775210),-20.071305130548097,http://abs.twimg.com/sticky/default_profile_images/default_profile_normal.png,Mon Dec 06 07:20:10 +0000 2021
75,@cumessax Hello pretty,-20.071305130548097,http://pbs.twimg.com/profile_images/1371434231923159040/wpeyok6w_normal.jpg,Mon Dec 06 07:26:23 +0000 2021
78,Hello World (1638775656),-20.071305130548097,http://abs.twimg.com/sticky/default_profile_images/default_profile_normal.png,Mon Dec 06 07:27:36 +0000 2021
102,@MIZUEN4 STOP HELLO,-20.071305130548097,http://pbs.twimg.com/profile_images/1467293343541600259/mezPzNFE_normal.jpg,Mon Dec 06 07:36:32 +0000 2021
220,Joe Swanson is unattractive and a gamer,-20.139998590166805,http://pbs.twimg.com/profile_images/1343693877216235521/LH24VG8Q_normal.jpg,Mon Dec 06 07:47:46 +0000 2021
217,RT @crockpics: Steven Tyler &amp; Joe Perry https://t.co/hBFySkZzeN,-20.493347697135953,http://pbs.twimg.com/profile_images/1463681370216144904/JhtgRKp1_normal.jpg,Mon Dec 06 07:33:40 +0000 2021
54,@MeredithFrost Hello ‚≠êÔ∏è https://t.co/lkMNxD12os,-20.740735784490727,http://pbs.twimg.com/profile_images/1122317755493916672/k2m7vHjm_normal.jpg,Mon Dec 06 07:21:09 +0000 2021
33,"hello everybody,I love peace",-20.740735784490727,http://pbs.twimg.com/profile_images/1467684826199523328/2S1n5T5o_normal.jpg,Mon Dec 06 07:12:45 +0000 2021
252,@FoxNews LMAO then putin exposes biden and hunter.,-21.089119427932765,http://pbs.twimg.com/profile_images/1093172276864925696/27-Gnfhq_normal.jpg,Mon Dec 06 07:40:14 +0000 2021
203,"RT @ACTBrigitte: Everybody hates Joe Biden, even the Amish! https://t.co/qnSiheTCzS",-21.095359783522404,http://pbs.twimg.com/profile_images/1275605559547330565/-Ypfl7qx_normal.jpg,Mon Dec 06 07:07:06 +0000 2021
97,RT @MemesCentraI: Hello there https://t.co/5QUCTcqcUv,-21.287700454872592,http://pbs.twimg.com/profile_images/1444260298592972800/Dj00P6Pn_normal.jpg,Mon Dec 06 07:35:00 +0000 2021
68,"hello picknava, pickaw, twitterpicker :&gt;",-21.287700454872592,http://pbs.twimg.com/profile_images/1466699596013334535/HQj9xuF2_normal.png,Mon Dec 06 07:24:31 +0000 2021
114,i slept so much hello,-21.287700454872592,http://pbs.twimg.com/profile_images/1465421778742767620/vR-77ifN_normal.jpg,Mon Dec 06 07:40:25 +0000 2021
169,RT @angellthay: Hello üòáüòã https://t.co/ifEV8YUcDz,-21.287700454872592,http://pbs.twimg.com/profile_images/1459682499492294657/ApT0svrf_normal.jpg,Mon Dec 06 08:02:19 +0000 2021
211,RT @DailyCaller: Dana White Thanks 'Dr. Joe Rogan' After Beating COVID-19 https://t.co/gZE5oiXVQ9,-21.596522037511903,http://pbs.twimg.com/profile_images/2873665774/94d378ceb7da0fe8e8c7fc63f48f9db1_normal.png,Mon Dec 06 07:20:49 +0000 2021
218,RT @Salmanaranx: what do u wanna tell joe bryon right now? https://t.co/3zZcFjnfkE,-21.596522037511903,http://pbs.twimg.com/profile_images/794339638840152066/BRlCGjV6_normal.jpg,Mon Dec 06 07:34:50 +0000 2021
230,Descendants of Marcus Garvey press Biden for posthumous pardon https://t.co/5qXzylbkXd,-21.691131514319217,http://pbs.twimg.com/profile_images/1448682315035598848/b3I7SIdc_normal.jpg,Mon Dec 06 07:00:43 +0000 2021
261,"RT @edwardlucas: Biden must resist joining Putin‚Äôs poker game

https://t.co/dO8xdUTzHs",-21.691131514319217,http://pbs.twimg.com/profile_images/1088740201/02ed760d-e036-4d1e-8864-8ef0ccf41c7d_normal.png,Mon Dec 06 07:51:34 +0000 2021
258,"RT @GeorgeBTonks: BIDEN VIDEO THAT EVERYONE MUST WATCHüì¢

@JoeBiden

https://t.co/1G0n8QzO37",-21.691131514319217,http://pbs.twimg.com/profile_images/1463287406413721605/zQZmAhgC_normal.jpg,Mon Dec 06 07:50:09 +0000 2021
103,RT @_NaturalBadASH: Hello 40 üòè https://t.co/iqRtjdCRao,-21.750152494354367,http://pbs.twimg.com/profile_images/1414661282414870535/xwoZLTXv_normal.jpg,Mon Dec 06 07:36:55 +0000 2021
156,RT @_NaturalBadASH: Hello 40 üòè https://t.co/iqRtjdCRao,-21.750152494354367,http://pbs.twimg.com/profile_images/1467542319318683656/0l6OCFs8_normal.jpg,Mon Dec 06 07:59:02 +0000 2021
82,RT @_NaturalBadASH: Hello 40 üòè https://t.co/iqRtjdCRao,-21.750152494354367,http://pbs.twimg.com/profile_images/1462870910218780675/RN0kelRY_normal.jpg,Mon Dec 06 07:29:38 +0000 2021
233,RT @RealMattCouch: BIDEN AND BUTTIGIEG CLUELESS ABOUT SOLVING FUEL CRISIS‚Äã https://t.co/E6ugnShITR,-21.952165645288105,http://abs.twimg.com/sticky/default_profile_images/default_profile_normal.png,Mon Dec 06 07:07:41 +0000 2021
186,"RT @TeamSethDrea: Hello Ricky!

ShopeePamasko WithSeth

#PamaskoNiSeth",-22.150746672227932,http://pbs.twimg.com/profile_images/1465562469326229514/5e_cSIdL_normal.jpg,Mon Dec 06 08:07:57 +0000 2021
184,RT @hellopanda04: hello panda is backüò¨ü§§ https://t.co/JdRBWGRMzm,-22.150746672227932,http://pbs.twimg.com/profile_images/1339418786676424704/2AlMfDFL_normal.jpg,Mon Dec 06 08:07:14 +0000 2021
12,"Hey whats up hello 
#altercebu #cebualter https://t.co/1duxFfFvBZ",-22.150746672227932,http://pbs.twimg.com/profile_images/1461369779197861892/bQ8R5FGo_normal.jpg,Mon Dec 06 07:03:15 +0000 2021
234,@QuietShhListen @Mochara420 @jeanieresists Did you spend the covid cash Biden sent you ?,-22.414617684769876,http://pbs.twimg.com/profile_images/1457342373189586951/M9cxyobc_normal.jpg,Mon Dec 06 07:12:19 +0000 2021
85,RT @SpuukyLIVE: everyone say hello to frog https://t.co/qZuTBN4FV9,-22.504095779197087,http://pbs.twimg.com/profile_images/975908034827317248/NAlx9V3I_normal.jpg,Mon Dec 06 07:29:55 +0000 2021
189,Hello EveryBuddy except for Salman Khan &amp; Anony,-22.504095779197087,http://pbs.twimg.com/profile_images/1466885465911578626/iOtMePJ4_normal.jpg,Mon Dec 06 08:09:22 +0000 2021
16,Hello from myself in a blanket burrito üåØ,-22.504095779197087,http://pbs.twimg.com/profile_images/1450166867675521026/mN8DlhrY_normal.jpg,Mon Dec 06 07:06:54 +0000 2021
173,@cinnamo_softie @CRKingdomEN @CookieRun hello i adore your art,-22.504095779197087,http://pbs.twimg.com/profile_images/1454033808857174019/qBMHlbAq_normal.jpg,Mon Dec 06 08:03:07 +0000 2021
112,RT @keyon: well somebody pop it off hello,-22.504095779197087,http://pbs.twimg.com/profile_images/1463849493846282240/554OEzES_normal.jpg,Mon Dec 06 07:40:12 +0000 2021
9,@Lbugso Hello how much is it with tax?,-22.504095779197087,http://pbs.twimg.com/profile_images/1454348117000667145/3u9f3Prh_normal.jpg,Mon Dec 06 07:02:16 +0000 2021
210,What is Joe Biden‚Äôs plan to free y‚Äôall from the shackles of Pete Davidson and Jack Harlow‚Ä¶,-22.57278923881579,http://pbs.twimg.com/profile_images/1343064971903725568/f2WryGNv_normal.jpg,Mon Dec 06 07:13:03 +0000 2021
207,RT @cowboyinwoods13: ‚Äúmy child is completely fine‚Äù your child calls taylor swift and joe alwyn mom and dad,-22.734990902626617,http://pbs.twimg.com/profile_images/1459065921155309569/-ypw4jPW_normal.jpg,Mon Dec 06 07:10:28 +0000 2021
268,RT @colmant_: Biden Sends A Message By Restoring Kennedy Center Honorees White House Reception https://t.co/uY5OY1KSvl,-22.815211862643444,http://pbs.twimg.com/profile_images/1901339664/witch_on__broom_normal.gif,Mon Dec 06 08:10:01 +0000 2021
250,"Return to tradition: Biden celebrates Bette Midler, Joni Mitchell at Kennedy Center Honors https://t.co/Nu0JEHV2zV https://t.co/4EdStzbRDZ",-22.815211862643444,http://pbs.twimg.com/profile_images/877265341398753280/V9xEHxMe_normal.jpg,Mon Dec 06 07:40:05 +0000 2021
251,"Same as Obama, Biden is a weakling 
The Chinese must be laughing their heads off",-22.815211862643444,http://pbs.twimg.com/profile_images/628556993054150657/iXe4xtz2_normal.jpg,Mon Dec 06 07:40:07 +0000 2021
187,RT @itmydefinition: you had me at hello :-) https://t.co/zEaqrq7uLa,-22.820177326170565,http://pbs.twimg.com/profile_images/1320427184125861889/WQrACT5P_normal.jpg,Mon Dec 06 08:08:50 +0000 2021
166,RT @itmydefinition: you had me at hello :-) https://t.co/zEaqrq7uLa,-22.820177326170565,http://pbs.twimg.com/profile_images/1340680762790608896/uz3hWErg_normal.jpg,Mon Dec 06 08:01:43 +0000 2021
131,RT @itmydefinition: you had me at hello :-) https://t.co/zEaqrq7uLa,-22.820177326170565,http://pbs.twimg.com/profile_images/966340527506448384/OjQQmPJE_normal.jpg,Mon Dec 06 07:50:01 +0000 2021
200,"RT @xlustorg__: Hello monday ü•∞
üëâ https://t.co/6VGSE1Bc1p ‚ù§ https://t.co/YfuCTyEtTW",-22.820177326170565,http://pbs.twimg.com/profile_images/1374958604353110016/Zhy3-lx1_normal.jpg,Mon Dec 06 08:14:21 +0000 2021
101,RT @DOCTORyeeiPlay: Say Hello to my WOLF @wolfdotgame https://t.co/JIykB6E0mv,-22.820177326170565,http://pbs.twimg.com/profile_images/1442199578258952200/Q593f5Zi_normal.jpg,Mon Dec 06 07:36:19 +0000 2021
191,RT @itmydefinition: you had me at hello :-) https://t.co/zEaqrq7uLa,-22.820177326170565,http://pbs.twimg.com/profile_images/1427176054561533959/CO_jdor1_normal.jpg,Mon Dec 06 08:09:43 +0000 2021
195,RT @itmydefinition: you had me at hello :-) https://t.co/zEaqrq7uLa,-22.820177326170565,http://pbs.twimg.com/profile_images/1443603217045078016/GAoDN6Y__normal.jpg,Mon Dec 06 08:11:32 +0000 2021
150,"RT @filo_moa304: Hello we accept donate accsüö®üö®üö®üö®
#MAMAMOA_MATCH 
#MAMAMOA_VOTE",-22.820177326170565,http://pbs.twimg.com/profile_images/1464860915036483588/tOWJOmdv_normal.jpg,Mon Dec 06 07:55:50 +0000 2021
11,RT @kimatozaki: HELLO ??? YES ??? SAIDA ???? https://t.co/vlA9Ohr4Mn,-22.820177326170565,http://pbs.twimg.com/profile_images/1454311974146572290/rb0IBCko_normal.jpg,Mon Dec 06 07:02:51 +0000 2021
41,RT @itmydefinition: you had me at hello :-) https://t.co/zEaqrq7uLa,-22.820177326170565,http://pbs.twimg.com/profile_images/1458725642229325828/B8DDUpH6_normal.jpg,Mon Dec 06 07:15:37 +0000 2021
227,"RT @SUGARMOUNTAlNS: LIBERAL anime in 2022
PRONOUNS Piece
TRANSGENDER Revengers
JOE BIDENS bizarre adventure
THEY x THEM
GENDERutsu Kaisen",-22.888870785789265,http://pbs.twimg.com/profile_images/1450428879034740739/zV04uj0s_normal.jpg,Mon Dec 06 08:09:13 +0000 2021
226,"RT @catturd2: Breaking ...

A sardine and vomit smoothie - now has a higher approval rating than Joe Biden.",-22.888870785789265,http://pbs.twimg.com/profile_images/527613395160141825/_kaq0BaZ_normal.jpeg,Mon Dec 06 08:03:50 +0000 2021
262,RT @page88: Biden has the highest job creation rate of any president ever. H/t @iamrondavison https://t.co/qklCcIZiNV,-22.997085728092756,http://pbs.twimg.com/profile_images/1289645645272199170/bSAhce4U_normal.jpg,Mon Dec 06 07:51:49 +0000 2021
221,"RT @BookerSparticus: November Border Numbers

168,000 illegals caught
  62,000 got aways

600,000 Got Aways in 2021

Way to go Joe",-23.035241278297562,http://pbs.twimg.com/profile_images/1466395944098750466/DRcUrQqt_normal.jpg,Mon Dec 06 07:47:59 +0000 2021
163,"RT @knotstroke: Hello I am waff :3
üì∏: @IndycooneAD https://t.co/wMoORjAVvR",-23.10610786558354,http://pbs.twimg.com/profile_images/1411718096415563778/bGZNwEo4_normal.jpg,Mon Dec 06 07:59:31 +0000 2021
267,RT @thedailybeast: Biden gets standing ovation at Kennedy Center Honors after four years of Trump boycott https://t.co/Kdlyk1tQob,-23.168560969612596,http://pbs.twimg.com/profile_images/378800000407442663/f2502b9fe63c72d0885574e005abffb8_normal.jpeg,Mon Dec 06 08:05:49 +0000 2021
204,"RT @AntonioSabatojr: How I Beat COVID-19 in 48 Hours with Ivermectin, Just Like Joe Rogan and NFL Quarterback Aaron Rodgers https://t.co/Di‚Ä¶",-23.174801325202242,http://pbs.twimg.com/profile_images/1440729252886843394/7i-bV4K0_normal.jpg,Mon Dec 06 07:07:34 +0000 2021
224,I keep telling everyone the Joe Manchin is the one holding everything back and Christian cinema some of that you ne‚Ä¶ https://t.co/gRoi8w5Mok,-23.308156612914743,http://pbs.twimg.com/profile_images/1442645899172143105/2e1RuuSW_normal.jpg,Mon Dec 06 08:00:29 +0000 2021
238,"RT @ReportsDaNews: If Biden doesn‚Äôt expand the Supreme Court and the Senate doesn‚Äôt pass voting rights...

It‚Äôs Over.",-23.330762633423426,http://abs.twimg.com/sticky/default_profile_images/default_profile_normal.png,Mon Dec 06 07:23:22 +0000 2021
120,RT @ou_sheila: Hello Monday. Wish you a really great week! https://t.co/VWXAxDBy27,-23.367141996552427,http://pbs.twimg.com/profile_images/1236019802461765632/wA2a8xNG_normal.png,Mon Dec 06 07:44:12 +0000 2021
115,"RT @Thezelicious: Hello lovelies  üíñ 
Do have a fruitful week https://t.co/EBtRin6aHg",-23.367141996552427,http://pbs.twimg.com/profile_images/1435953789819838464/bmrJnKw-_normal.jpg,Mon Dec 06 07:41:21 +0000 2021
142,"RT @Thezelicious: Hello lovelies  üíñ 
Do have a fruitful week https://t.co/EBtRin6aHg",-23.367141996552427,http://pbs.twimg.com/profile_images/1466673535548600323/-vAu0Ivb_normal.jpg,Mon Dec 06 07:53:29 +0000 2021
48,"RT @Thezelicious: Hello lovelies  üíñ 
Do have a fruitful week https://t.co/EBtRin6aHg",-23.367141996552427,http://pbs.twimg.com/profile_images/1318660427635634178/iP87MsVA_normal.jpg,Mon Dec 06 07:16:51 +0000 2021
193,@cutieejinn wait what‚Äôs pst ? ALSO HELLO TEEEEEEEEEEEEEEE MY BESTEST GIRL,-23.367141996552427,http://pbs.twimg.com/profile_images/1467500871667752961/BlxIf7cZ_normal.jpg,Mon Dec 06 08:11:16 +0000 2021
40,"RT @GaiaShabangu: Hello darlings! Let's be mutuals, follow me üòä https://t.co/uvFyFBDF9g",-23.367141996552427,http://pbs.twimg.com/profile_images/1406667946215227395/C5QPOaz4_normal.jpg,Mon Dec 06 07:14:49 +0000 2021
104,RT @Naughty_ghal: Hello lovelies can we follow each other ‚ù§üíïüíûüíúüíöüíïüíñ https://t.co/a2nlkE2fre,-23.367141996552427,http://pbs.twimg.com/profile_images/1465184596182638596/AV8xIIbg_normal.jpg,Mon Dec 06 07:37:21 +0000 2021
264,"RT @486Misfits: @GeorgeBTonks @EricMMatheny @JoeBiden Beau Biden was a pile of shit, just like the rest of the family.",-23.484642516586078,http://pbs.twimg.com/profile_images/1456087534577070091/ruHOlJ8o_normal.jpg,Mon Dec 06 07:59:06 +0000 2021
229,CNN's @BrianStelter and guest @EricBoehlert: Are the media harder on Biden than they were on Trump? (They're not) https://t.co/JWjNvYsVWH,-23.484642516586078,http://pbs.twimg.com/profile_images/1219696568640720896/QSJed5QC_normal.png,Mon Dec 06 07:00:06 +0000 2021
213,RT @chipfranklin: Is now a good time to remind people that Joe Manchin‚Äôs daughter raised the price of Epipens over 500% in 9 years?,-23.5583014397319,http://pbs.twimg.com/profile_images/1425472568132255755/uBKRkhF1_normal.jpg,Mon Dec 06 07:28:58 +0000 2021
219,"RT @LandNoli: Joe Phaahla (Health Minister):

We must remember that, no one amongst our scientists had ever said to us that the vaccines wi‚Ä¶",-23.5583014397319,http://pbs.twimg.com/profile_images/1464655232911163401/7-OEW_sE_normal.jpg,Mon Dec 06 07:35:24 +0000 2021
223,"@NRajpoot07 Most Test hundreds in 2021:

üè¥Û†ÅßÛ†Å¢Û†Å•Û†ÅÆÛ†ÅßÛ†Åø Joe Root - 6
üá±üá∞ Dimuth Karunaratne - 4
üáµüá∞ Fawad Alam - 3

Most Tes‚Ä¶ https://t.co/hFFfm8yDDw",-23.5583014397319,http://pbs.twimg.com/profile_images/1445960909101359105/zGoHAm2U_normal.jpg,Mon Dec 06 07:56:08 +0000 2021
225,RT @chipfranklin: Is now a good time to remind people that Joe Manchin‚Äôs daughter raised the price of Epipens over 500% in 9 years?,-23.5583014397319,http://pbs.twimg.com/profile_images/1257893132001255427/GS0QCh25_normal.jpg,Mon Dec 06 08:02:13 +0000 2021
109,"RT @ZeciraMusovic: Say Hello to my new, little English friend! ü§≠üëãüèºüèÜ https://t.co/R706GtU1R7",-23.607270119573037,http://pbs.twimg.com/profile_images/1457181121943375873/mt1_9phd_normal.jpg,Mon Dec 06 07:38:09 +0000 2021
116,"@ANJISWEET_OFC Hello Anji Always Remember that You Are Love.

LETS SAVE ANJI",-23.607270119573037,http://pbs.twimg.com/profile_images/1464986804395085824/bdGjidvx_normal.jpg,Mon Dec 06 07:41:28 +0000 2021
14,RT @ayronft: Yo @noundles say hello to my 21 evils üòà https://t.co/9JsFu8h0op,-23.607270119573037,http://pbs.twimg.com/profile_images/1454192634562584585/d9z0CgAK_normal.jpg,Mon Dec 06 07:06:32 +0000 2021
96,"RT @dhamejap: Black-winged stilt says hello 
#ThePhotoHour 
#birdwatching 
#birdphotography 
#BirdsSeenIn2021 
#BBCWildlifePOTD 
#SonyAlpha‚Ä¶",-23.607270119573037,http://pbs.twimg.com/profile_images/1352693328421203969/ZFHJoZ3n_normal.jpg,Mon Dec 06 07:34:38 +0000 2021
154,"RT @ZeciraMusovic: Say Hello to my new, little English friend! ü§≠üëãüèºüèÜ https://t.co/R706GtU1R7",-23.607270119573037,http://pbs.twimg.com/profile_images/1466920049080520711/j_4wKBmw_normal.jpg,Mon Dec 06 07:57:51 +0000 2021
241,"RT @albamonica: President Biden with the Kennedy Center honorees:

Justino D√≠az
Berry Gordy
Lorne Michaels
Bette Midler
Joni Mitchell https‚Ä¶",-23.631013009094374,http://pbs.twimg.com/profile_images/1290243399568760832/y0RHMkIT_normal.jpg,Mon Dec 06 07:30:06 +0000 2021
247,RT @OccupyDemocrats: BREAKING: Pres. Biden gets a standing ovation while celebrating artists like Bette Midler and Joni Mitchell at tonight‚Ä¶,-23.631013009094374,http://pbs.twimg.com/profile_images/1354524828678696961/vpkd2qGK_normal.jpg,Mon Dec 06 07:37:30 +0000 2021
248,"RT @AJEnglish: By failing to hold Modi to account, Biden is perpetuating deepening religious persecution against Indian minorities. ‚Äî write‚Ä¶",-23.631013009094374,http://pbs.twimg.com/profile_images/1432617010895081479/_CZJd5Li_normal.jpg,Mon Dec 06 07:37:58 +0000 2021
242,RT @OccupyDemocrats: BREAKING: Pres. Biden gets a standing ovation while celebrating artists like Bette Midler and Joni Mitchell at tonight‚Ä¶,-23.631013009094374,http://pbs.twimg.com/profile_images/1304571268784631809/uRqo3jS0_normal.jpg,Mon Dec 06 07:30:35 +0000 2021
254,RT @weijia: President Biden gets a standing ovation at the #kennedycenterhonors after David Letterman says it‚Äôs nice that the Presidential‚Ä¶,-23.631013009094374,http://pbs.twimg.com/profile_images/870163755262386176/whtAMR-1_normal.jpg,Mon Dec 06 07:42:03 +0000 2021
253,"RT @AJEnglish: By failing to hold Modi to account, Biden is perpetuating deepening religious persecution against Indian minorities. ‚Äî write‚Ä¶",-23.631013009094374,http://pbs.twimg.com/profile_images/1231454672382308352/JtU72u1B_normal.jpg,Mon Dec 06 07:41:18 +0000 2021
236,RT @OccupyDemocrats: BREAKING: Pres. Biden gets a standing ovation while celebrating artists like Bette Midler and Joni Mitchell at tonight‚Ä¶,-23.631013009094374,http://pbs.twimg.com/profile_images/1043200200410451968/8pBVxZ0P_normal.jpg,Mon Dec 06 07:19:34 +0000 2021
255,"AYE BIDEN WE GOT YO SON, AND IF YOU DONT PASS THIS BILL, WE GONE PASS YOUR SON TO GOD",-23.631013009094374,http://pbs.twimg.com/profile_images/1373884980003176456/cR96Pjyn_normal.jpg,Mon Dec 06 07:45:09 +0000 2021
231,RT @weijia: President Biden gets a standing ovation at the #kennedycenterhonors after David Letterman says it‚Äôs nice that the Presidential‚Ä¶,-23.631013009094374,http://pbs.twimg.com/profile_images/1139533330305523713/TpsUEh0x_normal.jpg,Mon Dec 06 07:02:04 +0000 2021
202,RT @NPR: A new NPR analysis reveals that pro-Trump counties now have a higher death rate from COVID-19 than counties that voted for Joe Bid‚Ä¶,-23.67596357919174,http://abs.twimg.com/sticky/default_profile_images/default_profile_normal.png,Mon Dec 06 07:00:13 +0000 2021
266,"RT @JuliaDavisNews: EU and NATO allies have swung behind the Biden administration‚Äôs assessment that Russia may be poised to invade Ukraine,‚Ä¶",-23.770573055999048,http://pbs.twimg.com/profile_images/1234590103684534272/P38DrvI9_normal.jpg,Mon Dec 06 08:03:30 +0000 2021
244,"RT @BuckSexton: Biden left Americans behind 

His partisans will lie and obscure and stamp their feet about ‚Äúthe insurrection‚Äù to distract‚Ä¶",-23.770573055999048,http://pbs.twimg.com/profile_images/1394875401051193345/TGbB8YNk_normal.jpg,Mon Dec 06 07:34:43 +0000 2021
232,@TG22110 Republicans will blame the Democrats for everything that Biden is having to take time to clean up what  Tr‚Ä¶ https://t.co/eU7CRZiHss,-23.770573055999048,http://pbs.twimg.com/profile_images/1368913478514311168/E3kWjzzC_normal.jpg,Mon Dec 06 07:07:21 +0000 2021
249,"RT @MichaelKugelman: ""The Biden administration has told New Delhi...that it is 'willing' to grant a presidential waiver to India 'only' for‚Ä¶",-23.770573055999048,http://pbs.twimg.com/profile_images/1288132086507872257/fnHTQ5Gq_normal.jpg,Mon Dec 06 07:39:09 +0000 2021
228,"RT @bourgwick: only known dead version of I WASHED MY HANDS IN MUDDY WATER by cowboy joe babcock, though garcia only sings the chorus &amp; rep‚Ä¶",-23.78918456314028,http://pbs.twimg.com/profile_images/1022232783106662400/omGR__tY_normal.jpg,Mon Dec 06 08:14:11 +0000 2021
194,"Hello my name is James, i am a traveler that is sad @oliviataters",-23.8295940360342,http://abs.twimg.com/sticky/default_profile_images/default_profile_normal.png,Mon Dec 06 08:11:29 +0000 2021
17,"@9NewsMelb Time to mortgage the house now you're fired. 
Hello new cliental! :D",-23.8295940360342,http://pbs.twimg.com/profile_images/1303997875815247872/pLiwxU6y_normal.jpg,Mon Dec 06 07:07:14 +0000 2021
105,RT @gayluthxr: KARA KISSING WONDER WOMAN IN THE NEW COMIC????? HELLO WHAT https://t.co/XLJTpoeZT9,-23.8295940360342,http://pbs.twimg.com/profile_images/1466612181852733448/ecYWIdtE_normal.jpg,Mon Dec 06 07:37:21 +0000 2021
117,RT @fleetwoodbrak: #furryartist is trended so hello here is my furry art!! https://t.co/VEoN6NqRQy,-23.8295940360342,http://pbs.twimg.com/profile_images/1466610938220482564/tCZdUyVb_normal.jpg,Mon Dec 06 07:41:39 +0000 2021
77,@freckledgyu KAYEUEUEHRNFFJFNFNNF HELLO THANK YOUU I MISISED YOI SO MUCHHCHH HOW ARE U&lt;3333,-23.8295940360342,http://pbs.twimg.com/profile_images/1453855058723237888/buZmT6gO_normal.jpg,Mon Dec 06 07:27:29 +0000 2021
5,"@mouse_279 @Devereaux_RBW Hello here is some free E-books if you are interested
https://t.co/VfcR6v1uDY",-23.8295940360342,http://pbs.twimg.com/profile_images/1466800538683645960/v_bObSSV_normal.jpg,Mon Dec 06 07:00:52 +0000 2021
235,"VIDEO 2: 'What's It All About?'
This video looks at the stated aims and main focus areas of the Biden administratio‚Ä¶ https://t.co/QAp6ceVljQ",-23.90392834371155,http://pbs.twimg.com/profile_images/1451884268557266946/b3paAih4_normal.jpg,Mon Dec 06 07:16:04 +0000 2021
265,"RT @BellaDolce8: Before you mock kids who still believe in Santa ,remember that there are incompetent adults who believe that Biden is comp‚Ä¶",-24.03160718696794,http://pbs.twimg.com/profile_images/1466413219665301519/KqAj3i2c_normal.jpg,Mon Dec 06 08:02:13 +0000 2021
239,RT @Route_60plus: Compare the festive White House Xmas decor of FLOTUS Jill Biden (left) with a dreary one by ex-FLOTUS Melania Trump (righ‚Ä¶,-24.03160718696794,http://pbs.twimg.com/profile_images/1464947512792338432/vErMWROO_normal.jpg,Mon Dec 06 07:26:01 +0000 2021
160,"@FinkelbergJ Hello John, Please click the link to meet in a DM. Thanks. 

https://t.co/NidNKlMBQk",-24.036572650495057,http://pbs.twimg.com/profile_images/1275507788609880070/O1z2hVZv_normal.jpg,Mon Dec 06 07:59:14 +0000 2021
42,"RT @Calmeurdmonking: Hello sinners~ 

I need friends so ‚ô•Ô∏è and üîÅ to be moots",-24.036572650495057,http://pbs.twimg.com/profile_images/1442268987497140226/bRW0XDNn_normal.jpg,Mon Dec 06 07:15:39 +0000 2021
149,@Candra71054091 @HappyRacoon5 Hello ! The Happyracoon will be airdrop or they are done ?,-24.036572650495057,http://pbs.twimg.com/profile_images/1453953446869028864/SwhhzLLu_normal.png,Mon Dec 06 07:55:32 +0000 2021
256,"RT @Acosta: WH:  ""Earlier today, President Biden and the First Lady spoke on the phone to Senator Elizabeth Dole to express their sincere c‚Ä¶",-24.154073170528708,http://pbs.twimg.com/profile_images/1017784086973353985/rpwYi3nE_normal.jpg,Mon Dec 06 07:48:35 +0000 2021
257,"RT @Lady_Star_Gem: Can someone explain to me why the media doesn't ask Biden voters what they think?

They asked trump voters what they thi‚Ä¶",-24.154073170528708,http://pbs.twimg.com/profile_images/1410596213594853380/EHs885sJ_normal.jpg,Mon Dec 06 07:49:18 +0000 2021
181,"@EXPLICITAREA Hello there, come knock my DM. We could have some coffee, if you like.",-24.23018821390777,http://pbs.twimg.com/profile_images/1467391875669577728/oXK7hicL_normal.jpg,Mon Dec 06 08:06:46 +0000 2021
174,"RT @kushalmaths: Hello @RailMinIndia 
More than 1crore students are waiting for their exams. 

 #RailwayExamCalendarDo https://t.co/Vv70999‚Ä¶",-24.23018821390777,http://pbs.twimg.com/profile_images/940136789481623553/9SXQAlo__normal.jpg,Mon Dec 06 08:03:36 +0000 2021
151,"RT @kushalmaths: Hello @RailMinIndia 
More than 1crore students are waiting for their exams. 

 #RailwayExamCalendarDo https://t.co/Vv70999‚Ä¶",-24.23018821390777,http://pbs.twimg.com/profile_images/1433323568176066567/LnTROYU1_normal.jpg,Mon Dec 06 07:56:45 +0000 2021
62,"RT @kushalmaths: Hello @RailMinIndia 
More than 1crore students are waiting for their exams. 

 #RailwayExamCalendarDo https://t.co/Vv70999‚Ä¶",-24.23018821390777,http://pbs.twimg.com/profile_images/1465877480967839745/1035NP2U_normal.jpg,Mon Dec 06 07:21:50 +0000 2021
39,"RT @Nothingjustthem: Hello Junhee ????? You're not cold like this ? üò±üôÉ

üîó:https://t.co/5MZW8Zhe1F
#ACE.#ÏóêÏù¥Ïä§ https://t.co/RaTsiszXMF",-24.23018821390777,http://pbs.twimg.com/profile_images/1464969157838053381/W_LEKBdX_normal.jpg,Mon Dec 06 07:14:07 +0000 2021
51,"RT @Sudhanshu2107: Hello @RailMinIndia 
More than 1crore students are waiting for their exams. 

 #RailwayExamCalendarDo https://t.co/VqjY3‚Ä¶",-24.23018821390777,http://abs.twimg.com/sticky/default_profile_images/default_profile_normal.png,Mon Dec 06 07:19:51 +0000 2021
113,"@itshayobami Hello please help me save my son life by spreading my postüò¢
https://t.co/4iV7tr3Q7j https://t.co/EbTwTXUwF5",-24.23018821390777,http://pbs.twimg.com/profile_images/1418585942839873536/wHzBLVjb_normal.jpg,Mon Dec 06 07:40:17 +0000 2021
50,"RT @kushalmaths: Hello @RailMinIndia 
More than 1crore students are waiting for their exams. 

 #RailwayExamCalendarDo https://t.co/Vv70999‚Ä¶",-24.23018821390777,http://pbs.twimg.com/profile_images/1465369559251054595/vjjWdubA_normal.jpg,Mon Dec 06 07:18:52 +0000 2021
111,"@QueenJPay Hello please help me save my son life by spreading my postüò¢
https://t.co/4iV7tr3Q7j https://t.co/EbTwTXUwF5",-24.23018821390777,http://pbs.twimg.com/profile_images/1418585942839873536/wHzBLVjb_normal.jpg,Mon Dec 06 07:40:07 +0000 2021
45,"RT @kushalmaths: Hello @RailMinIndia 
More than 1crore students are waiting for their exams. 

 #RailwayExamCalendarDo https://t.co/Vv70999‚Ä¶",-24.23018821390777,http://pbs.twimg.com/profile_images/1442398923742609410/xjHdZDRx_normal.jpg,Mon Dec 06 07:16:23 +0000 2021
30,@ilovesyIvee HELLO this is very cool i have never done this before hehe ^__^ https://t.co/CfuOMs3aTh,-24.23018821390777,http://pbs.twimg.com/profile_images/1467750213867560960/LCEkAB7p_normal.jpg,Mon Dec 06 07:10:54 +0000 2021
87,"RT @kushalmaths: Hello @RailMinIndia 
More than 1crore students are waiting for their exams. 

 #RailwayExamCalendarDo https://t.co/Vv70999‚Ä¶",-24.23018821390777,http://pbs.twimg.com/profile_images/1337632784416829440/AIxTKwJQ_normal.jpg,Mon Dec 06 07:30:36 +0000 2021
98,"@Girlboss_Olga Hello please help me save my son life by spreading my postüò¢
https://t.co/4iV7tr3Q7j https://t.co/EbTwTXUwF5",-24.23018821390777,http://pbs.twimg.com/profile_images/1418585942839873536/wHzBLVjb_normal.jpg,Mon Dec 06 07:35:04 +0000 2021
37,"RT @kushalmaths: Hello @RailMinIndia 
More than 1crore students are waiting for their exams. 

 #RailwayExamCalendarDo https://t.co/Vv70999‚Ä¶",-24.23018821390777,http://pbs.twimg.com/profile_images/1438928742848421890/lkCwhulh_normal.jpg,Mon Dec 06 07:13:56 +0000 2021
92,"RT @kushalmaths: Hello @RailMinIndia 
More than 1crore students are waiting for their exams. 

 #RailwayExamCalendarDo https://t.co/Vv70999‚Ä¶",-24.23018821390777,http://pbs.twimg.com/profile_images/1431876627424628739/t0ftMq4f_normal.jpg,Mon Dec 06 07:31:36 +0000 2021
260,RT @VickreyFan: I really think we should refer to the 2000-2012 coalition as the ME-2 coalition and refer to the Biden coalition as the NE-‚Ä¶,-24.27173530998855,http://pbs.twimg.com/profile_images/1465461402089443335/gy-gBcKg_normal.png,Mon Dec 06 07:51:07 +0000 2021
0,"Hello it's Nanis today, if there is anything I can help with please tweet me.^ NA",-24.412062079357074,http://pbs.twimg.com/profile_images/880379662496616448/E-JCUj7s_normal.jpg,Mon Dec 06 07:00:00 +0000 2021
188,"RT @Raci_Elon: ‚≠êÔ∏è Hello Raci Elon members, we will have a breakout and growth this December üòç",-24.58353732087692,http://pbs.twimg.com/profile_images/1461861084801945603/4WNe2oYO_normal.jpg,Mon Dec 06 08:09:16 +0000 2021
126,"Hello Coolwinks , i didn't received any refund till now. Any update on my refund @coolwinks_com @eyemyeye_com",-24.58353732087692,http://pbs.twimg.com/profile_images/1436067524831957009/xQIRVobz_normal.jpg,Mon Dec 06 07:47:23 +0000 2021
38,"RT @Novicuteee11: Hello bebyb‚ú®‚ú®
Available vcs trusted ‚úÖ
Instagram novisarahctk1 üí¶
Wa 081947953650
Real no hoaxüçåüçå https://t.co/IZ1aSTox4x",-24.58353732087692,http://pbs.twimg.com/profile_images/1441396750326001674/0odVYAb6_normal.jpg,Mon Dec 06 07:13:59 +0000 2021
47,"RT @kimyohan_diary: Hello RUi Ep. 52
How Yohan spend his day

#KIMYOHAN #ÍπÄÏöîÌïú #WEi #ÏúÑÏïÑÏù¥ @WEi__official @WEi__member
https://t.co/nDzRRb1CF8",-24.745738984687748,http://pbs.twimg.com/profile_images/1442446189392121856/kU4rcal3_normal.jpg,Mon Dec 06 07:16:46 +0000 2021
138,"@KreekCraft Hello Kreek, i am a viewer of your channel and saw this on a random yt channel https://t.co/w7S20nXz7V",-24.8996188678504,http://pbs.twimg.com/profile_images/1467762077544689667/ber_8fp3_normal.jpg,Mon Dec 06 07:51:57 +0000 2021
6,"@elmaestro1896 @Jayecane üëã Hello world! The ShibaETH is about to #FairLaunch !

üî•Releasing on the #BSC¬†¬†
üî•Fair Laun‚Ä¶ https://t.co/l0ETLo7CLB",-24.8996188678504,http://abs.twimg.com/sticky/default_profile_images/default_profile_normal.png,Mon Dec 06 07:01:07 +0000 2021
197,"@The_crypto_Bank @heroes_td hello sir
Is This Your project only for elite investors. how  about others with small f‚Ä¶ https://t.co/8bxRcKCkI6",-24.8996188678504,http://pbs.twimg.com/profile_images/1467327439843909634/agRMZ5M8_normal.jpg,Mon Dec 06 08:12:18 +0000 2021
86,hello does anyone here has a membership on wv but wont buy the kit .. dm me please ü•∫,-24.8996188678504,http://pbs.twimg.com/profile_images/1467541933111201792/FyMfUCGm_normal.jpg,Mon Dec 06 07:30:16 +0000 2021
110,"RT @GullibleGizm0: Hello @Magic899 !

Please play WAIT FOR ME by Nadine Lustre. Thank you!

#TheMagicPop30 #BeTheMagic #MagicPop30

https:/‚Ä¶",-24.8996188678504,http://pbs.twimg.com/profile_images/1425372964128575496/G5xuA1yB_normal.jpg,Mon Dec 06 07:39:35 +0000 2021
162,"@iamsorryguysk @VogueKorea Hello  @VogueKorea
We have noted that only 6 members of BTS faces are seen on your websi‚Ä¶ https://t.co/9xM8wEXuVR",-25.045989360358696,http://pbs.twimg.com/profile_images/1467640278584643585/DtQ_zqnC_normal.jpg,Mon Dec 06 07:59:18 +0000 2021
178,"RT @vijaygajera: Hello @samajwadiparty 

Are you ashamed of yourself for what you have done to the Hindus on this day?",-25.045989360358696,http://pbs.twimg.com/profile_images/1393084260278411268/9SiUbU-3_normal.jpg,Mon Dec 06 08:06:22 +0000 2021
135,@Warrior_Emperor Hello .. Are you interested in making an extra  KES 4800($48) daily with my company using your mob‚Ä¶ https://t.co/2iEkQNdajJ,-25.045989360358696,http://pbs.twimg.com/profile_images/1465960285869690883/2XN4ICrI_normal.jpg,Mon Dec 06 07:51:08 +0000 2021
83,hello friends !! i want to share this shop on instagram (hanggang. friends) and they sell cute fan-made goodies‚òπÔ∏èü§ç‚Ä¶ https://t.co/X0VLdCZpCR,-25.045989360358696,http://pbs.twimg.com/profile_images/1451349594852397074/YtitQjQr_normal.jpg,Mon Dec 06 07:29:43 +0000 2021
2,"RT @CEOAdam: An extraordinary CEOAdam-hosted screening at The Grove in LA tonight. ‚ÄúBeing the Ricardos‚Äù was beyond spectacular, hello Oscar‚Ä¶",-25.045989360358696,http://pbs.twimg.com/profile_images/1355743225613443076/19r2GwqB_normal.jpg,Mon Dec 06 07:00:25 +0000 2021
74,"@NaverForKSJ @VogueKorea Hello @VogueKorea
 We note that only 6 members of BTS faces are seen on your website that‚Ä¶ https://t.co/2bvH2RIFzQ",-25.045989360358696,http://pbs.twimg.com/profile_images/1466732971994537984/4QlZV8Q4_normal.jpg,Mon Dec 06 07:26:17 +0000 2021
141,"@ILVERMORNYxCA @yheonee hello birthday girl, @yheonee!

we wish you a day filled with happiness and a year filled w‚Ä¶ https://t.co/VmK1p6eOja",-25.045989360358696,http://pbs.twimg.com/profile_images/1467515730912366595/_oQT5aeB_normal.png,Mon Dec 06 07:52:49 +0000 2021
13,"RT @thakkar_sameet: Hello @TOIIndiaNews  &amp; @htTweets the real name of accused is..

Mohd Sahil not Sahil kumar which you people reported.‚Ä¶",-25.185549407263373,http://pbs.twimg.com/profile_images/1327126914499293184/W9y4eUlz_normal.jpg,Mon Dec 06 07:05:54 +0000 2021
133,"RT @nga120214: üìª| Hello @VirginRadioDXB üíô!

Can you play H√ÉY TRAO CHO ANH by
@sontungmtp777 via your radio, please?

#STANWORLD #SonTungMTP‚Ä¶",-25.185549407263373,http://pbs.twimg.com/profile_images/1463691322015948800/0IbfckMC_normal.jpg,Mon Dec 06 07:50:11 +0000 2021
165,"RT @thakkar_sameet: Hello @TOIIndiaNews  &amp; @htTweets the real name of accused is..

Mohd Sahil not Sahil kumar which you people reported.‚Ä¶",-25.185549407263373,http://pbs.twimg.com/profile_images/1164766469642604544/eDC4RFBJ_normal.jpg,Mon Dec 06 08:01:10 +0000 2021
199,"@jinlacradas Hello @VogueKorea 
We note that only 6 members of BTS faces are seen on your website that features BTS‚Ä¶ https://t.co/DQOjLAWoBs",-25.185549407263373,http://pbs.twimg.com/profile_images/1467455092727111683/dEKzOloL_normal.jpg,Mon Dec 06 08:12:34 +0000 2021
49,"RT @thakkar_sameet: Hello @TOIIndiaNews  &amp; @htTweets the real name of accused is..

Mohd Sahil not Sahil kumar which you people reported.‚Ä¶",-25.185549407263373,http://pbs.twimg.com/profile_images/1331161405119029249/4vedRR8W_normal.jpg,Mon Dec 06 07:18:44 +0000 2021
57,"@Namujoniee Hello @VogueKorea 
We note that only 6 members of BTS faces are seen on your website that features BTS‚Ä¶ https://t.co/xtxLpbj35s",-25.185549407263373,http://pbs.twimg.com/profile_images/1467290708788793346/-HoHG5WN_normal.jpg,Mon Dec 06 07:21:24 +0000 2021
124,"RT @the_com_poser: Hello @smwcentral enthusiasts! I just uploaded my latest port, ""Schala and Janus"", a Chrono Trigger remix. Details can b‚Ä¶",-25.185549407263373,http://pbs.twimg.com/profile_images/1368137915155484673/gZjzrrAY_normal.png,Mon Dec 06 07:45:57 +0000 2021
121,"@far2late_ *mreow*   hello yes hi it is me

their interactions are so interesting like xd will call foolish his pet‚Ä¶ https://t.co/8JGcUIuewh",-25.185549407263373,http://pbs.twimg.com/profile_images/1467354272576663553/NSlMV1Fd_normal.jpg,Mon Dec 06 07:44:32 +0000 2021
183,"RT @thakkar_sameet: Hello @TOIIndiaNews  &amp; @htTweets the real name of accused is..

Mohd Sahil not Sahil kumar which you people reported.‚Ä¶",-25.185549407263373,http://pbs.twimg.com/profile_images/1333857571397103616/p6aYsG-Y_normal.jpg,Mon Dec 06 08:07:09 +0000 2021
94,"Hello @hot995! 

I would love to hear ‚ÄòBazinga‚Äô by @SB19Official #SB19 on your radio. Could you play it? Thank you‚Ä¶ https://t.co/nNsJ4oF279",-25.185549407263373,http://pbs.twimg.com/profile_images/1449745731934248964/aZt_R1PR_normal.jpg,Mon Dec 06 07:33:10 +0000 2021
46,RT @campbellclaret: Hello @metpoliceuk can you explain how this is consistent with your turning a blind eye to large gatherings in Downing‚Ä¶,-25.318904694975878,http://pbs.twimg.com/profile_images/1467219249206906884/iD4ldu5i_normal.jpg,Mon Dec 06 07:16:33 +0000 2021
34,"@Thapz__ Hello Fam, eish things are bad at home. It's like it gets worse everyday. We are struggling  alot. Im used‚Ä¶ https://t.co/uzWRivTaS1",-25.318904694975878,http://pbs.twimg.com/profile_images/1394979110456279040/08bLfCBT_normal.jpg,Mon Dec 06 07:12:46 +0000 2021
43,"@1goonrich Hello Guys check this out. 
DELISH FINANCE
I have a high expectation for the project. Is going to be pro‚Ä¶ https://t.co/9klPyFeAfj",-25.318904694975878,http://pbs.twimg.com/profile_images/1455077617728729088/xlIMb93f_normal.jpg,Mon Dec 06 07:15:50 +0000 2021
132,subscribe to hello fresh and you will never eat old food again literally never it‚Äôs in the contract you signed when‚Ä¶ https://t.co/fVHjUbQ0u0,-25.318904694975878,http://pbs.twimg.com/profile_images/1445539922358652935/f8-SSwvN_normal.jpg,Mon Dec 06 07:50:02 +0000 2021
177,Hello @FetishNikki my name is Anthony. Can I interview you for my YouTube channel sometime? this is some of my work. https://t.co/Kl7MdkcpP6,-25.318904694975878,http://pbs.twimg.com/profile_images/1389802446415880192/ZjjG_U9z_normal.jpg,Mon Dec 06 08:06:14 +0000 2021
164,"hello ‚òª  i'm not new to #studytwt, #studytwtph, nd #lifetwt! just redoing my intro &gt;&lt;

·è™ yuu, 10th grade, will take‚Ä¶ https://t.co/XrYtk5FOUr",-25.318904694975878,http://pbs.twimg.com/profile_images/1467480082306322439/MF5FtWwR_normal.jpg,Mon Dec 06 08:00:21 +0000 2021
90,"Hello @VogueKorea 
We note that only 6 members of BTS faces are seen on your website that features BTS special edit‚Ä¶ https://t.co/LCAat3pin6",-25.318904694975878,http://pbs.twimg.com/profile_images/1453055167075692560/94kWXVL4_normal.jpg,Mon Dec 06 07:31:22 +0000 2021
76,"RT @KASNEBOfficial: @MakoriMakori14 Hello we shall communicate on the deadlines in due course follow the link below for our new syllabus
Ki‚Ä¶",-25.318904694975878,http://pbs.twimg.com/profile_images/1439474663231459330/28zGcE0J_normal.jpg,Mon Dec 06 07:26:29 +0000 2021
4,"Hello #edtwt !

I‚Äôm still thinking of a name to use around here but,

18 he/they asian 

Looking for mutuals ‚ò∫Ô∏è https://t.co/RgAZUeTtBh",-25.318904694975878,http://pbs.twimg.com/profile_images/1467749558184783877/b_oh3NWS_normal.jpg,Mon Dec 06 07:00:45 +0000 2021
179,"RT @IZONEGLOBALTWT: üí° Hello WIZ*ONE,

Eunbi, Yuri, and IVE (with Yujin and Wonyoung) have been nominated on 31st High1 Seoul Music Awards‚Ä¶",-25.318904694975878,http://pbs.twimg.com/profile_images/1461992398418894855/JRkgST92_normal.jpg,Mon Dec 06 08:06:38 +0000 2021
147,"RT @Sarayt57967412: Michael carreon be like : hello mew ? Hello ??? When is my turn ??? üòëüòë
Our mew mew is a shining diamond for real ü§≠ü§≠ü§≠ ht‚Ä¶",-25.423837852814493,http://pbs.twimg.com/profile_images/1458940920943230980/mO-ixa0K_normal.jpg,Mon Dec 06 07:55:04 +0000 2021
134,"RT @Daily_JKUpdate: Hello JUNGKOOK lovers, please comment down ‚Äòjoin‚Äô if you want to be added to our streaming gc, must have:

‚ñ´Ô∏èSpotify ac‚Ä¶",-25.446583538232264,http://pbs.twimg.com/profile_images/1464906872498966528/9mcpE8Hb_normal.jpg,Mon Dec 06 07:50:43 +0000 2021
118,@BTS_twt HELLO???,-25.45294476021485,http://pbs.twimg.com/profile_images/1447957784138375169/6YxUnYPY_normal.jpg,Mon Dec 06 07:42:35 +0000 2021
182,"RT @farahstahp: HELLO is anyone looking for a room to rent in ara damansara?

girls only
master bedroom
got heater, swimming pool, near lrt‚Ä¶",-25.569049521793026,http://pbs.twimg.com/profile_images/1461735251105882113/pEwt9Cjx_normal.jpg,Mon Dec 06 08:06:48 +0000 2021
185,"RT @bmay: Hello again. In case anyone still isn‚Äôt paying attention, your government is actively planning to overthrow the rule of law and p‚Ä¶",-25.569049521793026,http://pbs.twimg.com/profile_images/1307767725595521026/Xt6dU7dd_normal.jpg,Mon Dec 06 08:07:30 +0000 2021
71,"RT @NaverForKSJ: Hello @VogueKorea
 We note that only 6 members of BTS faces are seen on your website that features BTS special edition.
We‚Ä¶",-25.569049521793026,http://pbs.twimg.com/profile_images/1466732971994537984/4QlZV8Q4_normal.jpg,Mon Dec 06 07:25:35 +0000 2021
70,"„Éº #aethersforms

‚ùù¬†Hello there, Ceres. The pronouns I use are he/they. ‚ùû

/ you too ceres I hope you have a lovely‚Ä¶ https://t.co/f5NwF2B8Ul",-25.569049521793026,http://pbs.twimg.com/profile_images/1467748988040347648/tizWdPbZ_normal.jpg,Mon Dec 06 07:25:27 +0000 2021
88,"RT @bmay: Hello again. In case anyone still isn‚Äôt paying attention, your government is actively planning to overthrow the rule of law and p‚Ä¶",-25.569049521793026,http://pbs.twimg.com/profile_images/1352416162592788481/TSmK35yu_normal.jpg,Mon Dec 06 07:30:48 +0000 2021
128,"RT @kwonleescart: hello will post lang uli desperada na talaga üòìüôèüèª

where: @.hoshibug
when: dec 6 (monday) 8pm

mine SET 8 payo for @kwonle‚Ä¶",-25.569049521793026,http://pbs.twimg.com/profile_images/1463538713120882688/Hm74SyIV_normal.jpg,Mon Dec 06 07:48:50 +0000 2021
19,"RT @camilascabello: hello besties, i need more camila stans in my tl! can you help me with a rt to find them pls? &lt;3",-25.569049521793026,http://pbs.twimg.com/profile_images/1453547397401952257/rkptrIH6_normal.jpg,Mon Dec 06 07:07:54 +0000 2021
7,"RT @feetbitstore: Hello Monday! 

Another chance to grab a pair of Vans at 20% off. 

Tap link below to shop with discount code VANSMONDAY‚Ä¶",-25.569049521793026,http://pbs.twimg.com/profile_images/1370382550435299330/1BDJe1m9_normal.jpg,Mon Dec 06 07:01:26 +0000 2021
8,"RT @bmay: Hello again. In case anyone still isn‚Äôt paying attention, your government is actively planning to overthrow the rule of law and p‚Ä¶",-25.569049521793026,http://pbs.twimg.com/profile_images/1423546580607643649/hGiS9otP_normal.jpg,Mon Dec 06 07:02:01 +0000 2021
167,"RT @JoanKatusiime4: Hello Everyone..
Do you Want to CHOP OFF the FAT Belly or WEIGHT &amp; be More Healthier With KIM WEIGHT LOSS COFFEE!

Worr‚Ä¶",-25.686711661252872,http://pbs.twimg.com/profile_images/1463132068624445452/iBJo0xo2_normal.jpg,Mon Dec 06 08:02:11 +0000 2021
69,"RT @dykerani: HELLO #MumbaiTwitter
I'm looking for 2 queer roommates to share this 2bhk with me! Its an unfurnished 2 bath flat with a modu‚Ä¶",-25.686711661252872,http://pbs.twimg.com/profile_images/1426764963478007808/0CqnY7Nq_normal.jpg,Mon Dec 06 07:24:53 +0000 2021
143,"RT @mwplino: hello im grayshel moved from @solaceskz, please help me find stay moots ( esp filo ) rt to spread pls thank you &lt;3",-25.686711661252872,http://pbs.twimg.com/profile_images/1466315014130733056/_fTXBzdx_normal.jpg,Mon Dec 06 07:53:53 +0000 2021
80,"wts lfb ph nct dream 127 

haechan hello future 'future' kihno pc
chenle hot sauce ar pc
mark 2nd ace kit pc logo b‚Ä¶ https://t.co/WpuPIJTYwS",-25.686711661252872,http://pbs.twimg.com/profile_images/1412011166000246785/J5Wy3x_B_normal.jpg,Mon Dec 06 07:28:37 +0000 2021
122,"RT @CharlesLuswata1: Hello Everyone.
Do you Want to Chop off the Fat Belly or Weight &amp; be More Healthier take KIM WEIGHT LOSS COFFEE!

Worr‚Ä¶",-25.686711661252872,http://pbs.twimg.com/profile_images/1465814104006750210/7Ju9Nc5k_normal.jpg,Mon Dec 06 07:44:37 +0000 2021
190,"RT @diamantstella: Hello Axie fam! We are looking for talented, passionate Scholars to join our DN Guild! If you and anyone you know is int‚Ä¶",-25.686711661252872,http://pbs.twimg.com/profile_images/1461862173144084480/AvumO62b_normal.jpg,Mon Dec 06 08:09:34 +0000 2021
63,"WAIT... @TheChiefz DAY &lt;3 HELLO CHIEF YOU ARE NICE N FUNNY HAVE A NICE BDAY (PS: If I have got the date wrong, plea‚Ä¶ https://t.co/BNkxM4uwa9",-25.686711661252872,http://pbs.twimg.com/profile_images/1442062049123569669/iqaWLISC_normal.jpg,Mon Dec 06 07:21:52 +0000 2021
10,"RT @anxieji: hello po this is kathy (@eightcrystals' second acc), not new to stay twt. kindly rt to help me find filo stay moots po",-25.686711661252872,http://pbs.twimg.com/profile_images/1467088780117286918/4SU34hNP_normal.jpg,Mon Dec 06 07:02:45 +0000 2021
140,"RT @hycklab: here‚Äôs a glimpse of haechan‚Äôs busy 2021: Loveholic (5 songs), Dino ABC (2 vers) Hot Sauce + Hello Future (13 songs), Maniac, S‚Ä¶",-25.686711661252872,http://pbs.twimg.com/profile_images/1441031059601334272/x81vIH3X_normal.jpg,Mon Dec 06 07:52:13 +0000 2021
56,"RT @CharlesLuswata1: Hello Everyone.
Do you Want to Chop off the Fat Belly or Weight &amp; be More Healthier take KIM WEIGHT LOSS COFFEE!

Worr‚Ä¶",-25.686711661252872,http://pbs.twimg.com/profile_images/1456250445618364420/luUFF8Q0_normal.jpg,Mon Dec 06 07:21:19 +0000 2021
168,"RT @lindaosifo_: Hello Twitter NG

Here a chance to shop &amp; save this December when you Shop on jumia with my voucher code (DCNREAL) to get‚Ä¶",-25.799932645201416,http://pbs.twimg.com/profile_images/1432644679959523331/U64n17my_normal.jpg,Mon Dec 06 08:02:12 +0000 2021
73,"RT @CathyNaks: Hello Everyone..
Do you Want to CHOP OFF the FAT Belly or WEIGHT &amp; be More Healthier With KIM WEIGHT LOSS COFFEE!

100% Natu‚Ä¶",-25.799932645201416,http://pbs.twimg.com/profile_images/1435850059510341633/F8KCe5G7_normal.jpg,Mon Dec 06 07:25:58 +0000 2021
65,"RT @Lummie_bels: Hello FAMü§ù.our end of the year sales is starting 12th of December and it will end on 18th of December.

Wishing you a pros‚Ä¶",-25.799932645201416,http://pbs.twimg.com/profile_images/1294631547530874881/Ui6sstK8_normal.jpg,Mon Dec 06 07:22:18 +0000 2021
26,"RT @yourshawtybeyb: Hello again everyone!!! Help me reach this again, I need 2k rts if we reach this fast extra $üî•üî•üî•

Goal:
-2k rts
-must f‚Ä¶",-25.799932645201416,http://pbs.twimg.com/profile_images/1467347507151708160/mSKJIagr_normal.jpg,Mon Dec 06 07:09:56 +0000 2021
176,"RT @Mishotobi: Hello @elonmusk
Now is the time to support Baby Doge
We are now a society of one million people
Baby Doge Holders is 1,018,9‚Ä¶",-25.799932645201416,http://pbs.twimg.com/profile_images/1459597717672321024/7XMdHe6Q_normal.jpg,Mon Dec 06 08:04:35 +0000 2021
170,"RT @95_TimeFM: Hello my darlings ü•∞, how was your weekend? It's a brand new week and well it's a #MoodyMonday . #Pesh is on #TheBench to mak‚Ä¶",-25.909035577714036,http://pbs.twimg.com/profile_images/1451773381397856257/mN6E1CG6_normal.jpg,Mon Dec 06 08:02:45 +0000 2021
64,"RT @CiervoKing: $200 | 48 hours üí∞

‚Ä¢ Retweet
‚Ä¢ Join telegram &amp; post proof :
_____ üëáüèº

Say something other than hello so you don‚Äôt look like‚Ä¶",-26.01430953714785,http://pbs.twimg.com/profile_images/1466441953453785091/6yB4ClKY_normal.jpg,Mon Dec 06 07:22:16 +0000 2021
21,"RT @CiervoKing: $200 | 48 hours üí∞

‚Ä¢ Retweet
‚Ä¢ Join telegram &amp; post proof :
_____ üëáüèº

Say something other than hello so you don‚Äôt look like‚Ä¶",-26.01430953714785,http://pbs.twimg.com/profile_images/1466375796407226374/ItC_raIT_normal.jpg,Mon Dec 06 07:08:31 +0000 2021
93,"RT @CiervoKing: $200 | 48 hours üí∞

‚Ä¢ Retweet
‚Ä¢ Join telegram &amp; post proof :
_____ üëáüèº

Say something other than hello so you don‚Äôt look like‚Ä¶",-26.01430953714785,http://pbs.twimg.com/profile_images/1463821431016460292/r9stKhcf_normal.jpg,Mon Dec 06 07:31:40 +0000 2021
79,"RT @CiervoKing: $200 | 48 hours üí∞

‚Ä¢ Retweet
‚Ä¢ Join telegram &amp; post proof :
_____ üëáüèº

Say something other than hello so you don‚Äôt look like‚Ä¶",-26.01430953714785,http://pbs.twimg.com/profile_images/1455210465357746178/4DTsyoXX_normal.jpg,Mon Dec 06 07:28:10 +0000 2021
31,"RT @CiervoKing: $200 | 48 hours üí∞

‚Ä¢ Retweet
‚Ä¢ Join telegram &amp; post proof :
_____ üëáüèº

Say something other than hello so you don‚Äôt look like‚Ä¶",-26.01430953714785,http://pbs.twimg.com/profile_images/1467293663273259010/YwsFEHKJ_normal.jpg,Mon Dec 06 07:11:17 +0000 2021
161,"Hello, Hardship https://t.co/beLAvAblTW",-26.31599097757019,http://abs.twimg.com/sticky/default_profile_images/default_profile_normal.png,Mon Dec 06 07:59:15 +0000 2021
58,@md_atlas Hello! ‚ù§Ô∏èüßëüèª‚Äçü¶±,-26.31599097757019,http://pbs.twimg.com/profile_images/1454253095895302144/B134yff7_normal.jpg,Mon Dec 06 07:21:30 +0000 2021
35,RT @punyan4d: HELLO.....?!&amp;(!*? https://t.co/EfTJ79UPLp,-26.98542163151282,http://pbs.twimg.com/profile_images/1450759451376422912/UUL79plD_normal.jpg,Mon Dec 06 07:13:38 +0000 2021
18,RT @jngwdz: HELLO?+?+?+? #VERIVERY_US_TOUR_LA https://t.co/ywnqgKfWzF,-27.53238630189469,http://pbs.twimg.com/profile_images/1465630396993839104/pk0aO66a_normal.jpg,Mon Dec 06 07:07:27 +0000 2021
25,RT @5ameer13: @NataliaBree1548 Hello! https://t.co/hNMGWZLfnq,-27.53238630189469,http://pbs.twimg.com/profile_images/1429321051381669889/xK6mpwuH_normal.jpg,Mon Dec 06 07:09:32 +0000 2021
81,RT @rueonfilm: LIKE HELLO!.!.$/$/&amp;/ https://t.co/N1iF3zCmlh,-27.53238630189469,http://pbs.twimg.com/profile_images/1465904445070340098/I7eMt-4T_normal.jpg,Mon Dec 06 07:28:59 +0000 2021
137,"@Dearesttbby hello, thank u for this",-27.994838341376465,http://pbs.twimg.com/profile_images/1466390064519282691/c2ZSaDAB_normal.jpg,Mon Dec 06 07:51:31 +0000 2021
44,"Are you gonna let me in? 
Hello?",-28.39543251925003,http://pbs.twimg.com/profile_images/1462661324203339776/Dk7yEOVi_normal.jpg,Mon Dec 06 07:16:12 +0000 2021
36,@purpledKYS @PlanetDuckk THATS SO FUCKING COOL HELLO???,-28.39543251925003,http://pbs.twimg.com/profile_images/1466105833817792515/93ih9IFS_normal.jpg,Mon Dec 06 07:13:42 +0000 2021
23,@yunosdimplesss hello. have a good day bestie!,-28.39543251925003,http://pbs.twimg.com/profile_images/1467397636429082627/yM701Fx8_normal.jpg,Mon Dec 06 07:09:12 +0000 2021
157,"hello, come join me #teen #sex #ass https://t.co/y0xfWIRxTr",-28.748781626219184,http://pbs.twimg.com/profile_images/646057539151527936/hvMQPrmG_normal.jpg,Mon Dec 06 07:59:02 +0000 2021
66,"@nakajima_jinko ""Oh, hello! [I wave at the Atsushi]",-28.748781626219184,http://pbs.twimg.com/profile_images/1447441492373610502/QQwCXABe_normal.jpg,Mon Dec 06 07:22:35 +0000 2021
146,@KiguRoomie Are you trying to jam your fingers into my mouths hello?,-29.851955966595135,http://pbs.twimg.com/profile_images/1461289429553717249/f2FBg5SO_normal.jpg,Mon Dec 06 07:54:59 +0000 2021
263,"RT @RitaPanahi: ‚ÄòConfidence in US military drops 11 percent under Biden‚Äô

 https://t.co/W99kR7DE7A",-29.851955966595135,http://abs.twimg.com/sticky/default_profile_images/default_profile_normal.png,Mon Dec 06 07:57:20 +0000 2021
237,"RT @RitaPanahi: ‚ÄòConfidence in US military drops 11 percent under Biden‚Äô

 https://t.co/W99kR7DE7A",-29.851955966595135,http://pbs.twimg.com/profile_images/1349196316077920261/dOR92ZlU_normal.jpg,Mon Dec 06 07:19:37 +0000 2021
153,"RT @RitSanPat_: ""Hello there‚Ä¶..""#rubinadilaik

Queen is Back in B Town!!
#RubiHolics 

üîóhttps://t.co/NWpvYkTIU0 https://t.co/kkCOD0VMGN",-30.074279883056295,http://pbs.twimg.com/profile_images/1449593973295628288/c7oR-mP__normal.jpg,Mon Dec 06 07:56:50 +0000 2021
243,"RT @kylenabecker: Biden's federal vaccine mandate is now 'blocked in all 50 states.'
https://t.co/wliU4NkZKl",-30.28125849751715,http://pbs.twimg.com/profile_images/1015920160593645570/bM0NDWUh_normal.jpg,Mon Dec 06 07:34:23 +0000 2021
269,RT @Luizmd7: Biden's federal vaccine mandate is now BLOCKED in all 50 states. üá∫üá∏,-30.28125849751715,http://pbs.twimg.com/profile_images/1437447904969441281/4UfzVK4u_normal.jpg,Mon Dec 06 08:11:56 +0000 2021
196,"@anj_116_ Hello, kindly reach out to our device team via @HuaweiMobileKE, they will advise.",-30.28125849751715,http://pbs.twimg.com/profile_images/1105356442238967808/JWdtAs7J_normal.jpg,Mon Dec 06 08:11:49 +0000 2021
222,"@cringe_rebooted United Statss of Amrrica,California,Joe Mama Street 105 O Calcium Nerethum Potossium 6 at OClock.",-30.474874060929864,http://pbs.twimg.com/profile_images/1466923013807378435/yOm_yCjH_normal.jpg,Mon Dec 06 07:51:12 +0000 2021
175,"Hello, @Lurking Rock Crafts Thanks for the follow! I look forward to reading your tweets.",-30.474874060929864,http://pbs.twimg.com/profile_images/1372560185961680899/K77Kk1q6_normal.jpg,Mon Dec 06 08:03:58 +0000 2021
245,RT @GOP: Biden‚Äôs reckless spending agenda has made everyday items more expensive for every American.,-30.474874060929864,http://pbs.twimg.com/profile_images/1448924207073669120/FKWiif6F_normal.png,Mon Dec 06 07:34:55 +0000 2021
145,STFU WTF OMFG WAIT HELLO? I WON? YES RIGHT I WON? I WON RIGHT? RIGHT????? https://t.co/VdNJNC0IX3,-30.656747926379175,http://pbs.twimg.com/profile_images/1466574933794836482/XfoSW9Jq_normal.jpg,Mon Dec 06 07:54:20 +0000 2021
61,RT @dojatanhourly: hello!? im a new daily dojatan acc pls rt to help me growww !! https://t.co/8v6XDk5nzn,-30.828223167899015,http://pbs.twimg.com/profile_images/1466621856132517888/j_xMLYsT_normal.jpg,Mon Dec 06 07:21:48 +0000 2021
125,"RT @JAEHYUN_GLOBAL: Hello, this is Jaehyun Global. Please give it a read. 

#JAEHYUN #Ïû¨ÌòÑ #NCT #NCT127 https://t.co/v54VL5yxSE",-30.828223167899015,http://pbs.twimg.com/profile_images/1466313623437938695/5lTPQbh9_normal.jpg,Mon Dec 06 07:46:57 +0000 2021
205,"RT @SelfPubShow2: Joe's controversial approach to life is fuelled by his fixation on Abbie. @cherylbuts https://t.co/VmUc23O1vd #NewAdult,‚Ä¶",-30.828223167899015,http://pbs.twimg.com/profile_images/1385616435020509185/TdkbWMjL_normal.jpg,Mon Dec 06 07:07:37 +0000 2021
99,"@kucoincom @EthernityChain Hello, please list the #kishu token in the kucoin exchange. Please, because we really ne‚Ä¶ https://t.co/GhKlCaiKU2",-30.990424831709845,http://pbs.twimg.com/profile_images/1437857492709490690/6IOsMr2-_normal.jpg,Mon Dec 06 07:35:30 +0000 2021
24,"RT @euphonioustae: Hello, ARMYS let's stream MIC DROP.
It needs less than 3M views to reach 1.1B views.",-30.990424831709845,http://pbs.twimg.com/profile_images/1466452075613757440/g2xF0HZV_normal.jpg,Mon Dec 06 07:09:13 +0000 2021
119,"@kucoincom @EthernityChain Hello, please list the #kishu token in the kucoin exchange. Please, because we really ne‚Ä¶ https://t.co/TEVeEQTPQ0",-30.990424831709845,http://pbs.twimg.com/profile_images/1448738301645660169/ojitkBF7_normal.jpg,Mon Dec 06 07:44:08 +0000 2021
107,"@kucoincom @EthernityChain Hello, please list the #kishu token in the kucoin exchange. Please, because we really ne‚Ä¶ https://t.co/tOnDrSF8dg",-30.990424831709845,http://pbs.twimg.com/profile_images/1448738301645660169/ojitkBF7_normal.jpg,Mon Dec 06 07:37:57 +0000 2021
100,"@kucoincom @EthernityChain Hello, please list the #kishu token in the kucoin exchange. Please, because we really ne‚Ä¶ https://t.co/45UizZyb5H",-30.990424831709845,http://pbs.twimg.com/profile_images/1448738301645660169/ojitkBF7_normal.jpg,Mon Dec 06 07:35:54 +0000 2021
246,"RT @GOPChairwoman: Biden: imposes travel requirements on legal Americans trying to return home.
 
Also Biden: releases hundred of thousands‚Ä¶",-31.144304714872497,http://pbs.twimg.com/profile_images/1234723171607236608/AHVHPYF0_normal.jpg,Mon Dec 06 07:36:44 +0000 2021
22,"RT @Spororon__: Hello,
Have you heard about self contraceptive injection?
Contraceptive self-injection offers women and girls a new,
more e‚Ä¶",-31.290675207380794,http://pbs.twimg.com/profile_images/1464990260169953286/s-2TsPPY_normal.jpg,Mon Dec 06 07:09:09 +0000 2021
192,"Hello! This is a new account dedicated for #IVE‚Äôs rapper #GAEUL ‚ò∫Ô∏è i‚Äôll be posting pictures, videos, fancams about‚Ä¶ https://t.co/F1vuOrzdHo",-31.290675207380794,http://pbs.twimg.com/profile_images/1467754660324802568/vomy68M4_normal.jpg,Mon Dec 06 08:09:51 +0000 2021
108,"Hello,I'm using the MeYo app, let's play together, when you register don't forget to enter my invitation code : TVD‚Ä¶ https://t.co/a4LozefW2J",-31.430235254285467,http://pbs.twimg.com/profile_images/1418952985573564428/jwIMTDez_normal.jpg,Mon Dec 06 07:38:04 +0000 2021
123,"@ashupb10 Hello, We apologize for the inconvenience caused to you. We would like to inform you that we have escalat‚Ä¶ https://t.co/h7rrSgeLxd",-31.430235254285467,http://pbs.twimg.com/profile_images/1412989222986813440/H08jdEG2_normal.jpg,Mon Dec 06 07:45:16 +0000 2021
28,"RT @affectbitter: Welcome to China
‚ÄúHello Sir, please show your health code and go to the designated hotel for quarantine.‚Äù https://t.co/UZ‚Ä¶",-31.430235254285467,http://pbs.twimg.com/profile_images/1370010481642012674/kQsQKQpA_normal.jpg,Mon Dec 06 07:10:20 +0000 2021
127,"RT @scintillatxt: ‚Äî hello, if you're registering your accs on SMA and they sent you a verification code, check YOUR SPAM!",-31.430235254285467,http://pbs.twimg.com/profile_images/1460115113403314177/zX0uzCLj_normal.jpg,Mon Dec 06 07:48:43 +0000 2021
55,@CHEERSTABBINGS ‚ÄúHello young man. Yes I am still investigating the case. To me it‚Äôs confidential we will be doi bc‚Ä¶ https://t.co/DXL6nCKMj8,-31.430235254285467,http://pbs.twimg.com/profile_images/1467472924168757252/HZXdARcX_normal.jpg,Mon Dec 06 07:21:19 +0000 2021
198,"RT @SharCciOfficial: DONATION DRIVE!

Hello, We are now accepting donations and pledges. For more questions, kindly dm us! Thank you so muc‚Ä¶",-31.563590541997968,http://pbs.twimg.com/profile_images/1071674450142064640/kzOMeyZo_normal.jpg,Mon Dec 06 08:12:29 +0000 2021
59,"Hello, anyone want to share with me for Kai Kloor? Price rm98 for live+both restreaming or

üçëRM82 for live
üçëRM16 fo‚Ä¶ https://t.co/2BRJXPl9Lw",-31.563590541997968,http://pbs.twimg.com/profile_images/1464837793868173313/r9ZLN99u_normal.jpg,Mon Dec 06 07:21:38 +0000 2021
259,"RT @hugolowell: New: Hours before the Capitol attack, Trump called operatives at the Willard and effectively asked how he could stop Biden‚Äô‚Ä¶",-31.563590541997968,http://abs.twimg.com/sticky/default_profile_images/default_profile_normal.png,Mon Dec 06 07:51:03 +0000 2021
60,"RT @GoddessMechanic: #visualwomen

Hello, I'm Kim-yura and an illustrator and concept designer. The thing I am confident of is the mecha ar‚Ä¶",-31.563590541997968,http://pbs.twimg.com/profile_images/1466308279663935488/qCbuJDjp_normal.jpg,Mon Dec 06 07:21:43 +0000 2021
84,"RT @IsabellaOnl: ¬°Hola! perdon que no publique nada, como estan todos? 

Hello! Sorry I did not publish anything, how is everyone? https://‚Ä¶",-31.563590541997968,http://pbs.twimg.com/profile_images/1445102799138684936/F7Dggn4Z_normal.jpg,Mon Dec 06 07:29:51 +0000 2021
1,"RT @torinugg3ts: hello, this is user @torithenuggets. i will be using this account from today onwards since my account was restricted. help‚Ä¶",-31.563590541997968,http://pbs.twimg.com/profile_images/1466813651252252677/Kz-ul8pL_normal.jpg,Mon Dec 06 07:00:01 +0000 2021
206,"RT @VGMusicNTidbits: üéµ ""Mission 2: Antarctica"" - G.I. Joe: A Real American Hero (NES, 1991) by Nobuyuki Shioda &amp; Yusuke Takahama üéµ

Nothing‚Ä¶",-31.69126938525436,http://pbs.twimg.com/profile_images/1444405943203213320/gWKD9gmq_normal.jpg,Mon Dec 06 07:07:41 +0000 2021
208,RT @PeteyRL2: SCOTUS should have been expanded immediately upon Joe's arrival. Everyone knew what they were up to. The highest court in the‚Ä¶,-31.69126938525436,http://pbs.twimg.com/profile_images/2463809939/7o6ne0k67htffzk3kjob_normal.gif,Mon Dec 06 07:11:11 +0000 2021
3,"Hello! How are you?

I'm wearing a Christmas Condom in my head.
That is all.

Hope you guys have an amazing day tod‚Ä¶ https://t.co/in1ZGaj6KF",-31.813735368815124,http://pbs.twimg.com/profile_images/1417470451849199625/kI9SMCrr_normal.jpg,Mon Dec 06 07:00:35 +0000 2021
20,"RT @jeonpixi: @BTS_twt hello!! if you're here pls go vote for bts on MAMA!! let's maintain the lead and widen the gap!

üó≥Ô∏èüîó: https://t.co/F‚Ä¶",-31.813735368815124,http://pbs.twimg.com/profile_images/1467178124873895937/X905jmw0_normal.jpg,Mon Dec 06 07:07:54 +0000 2021
32,"RT @magicalgrandson: HELLO! I worked very hard on this 80s late night themed housewives zine, and I‚Äôm going to be selling them! Price will‚Ä¶",-31.813735368815124,http://pbs.twimg.com/profile_images/1427623905943068677/yYsu7xNu_normal.jpg,Mon Dec 06 07:12:20 +0000 2021
89,RT @drummergirl1971: ‚ÄúHello? Is that the Spectator? Douglas Murray &amp; Taki employer? One of your lads lecturing people on racism - do you wa‚Ä¶,-31.813735368815124,http://pbs.twimg.com/profile_images/1420404171803607048/mkMxtEFu_normal.jpg,Mon Dec 06 07:30:51 +0000 2021
180,"RT @_dobby97: Hello, @VogueKorea!
We note that only 6 members of BTS faces are seen on your website that features BTS special edition.
We r‚Ä¶",-31.93139750827497,http://pbs.twimg.com/profile_images/1465878019889840129/9PYGi20t_normal.jpg,Mon Dec 06 08:06:39 +0000 2021
67,"RT @uzercjj: hello, i just made 5 new freshly made twitch accts and already registered and verified in m@ma website. I can't vote for today‚Ä¶",-31.93139750827497,http://pbs.twimg.com/profile_images/1467599087960825856/yisSPNfX_normal.jpg,Mon Dec 06 07:23:19 +0000 2021
148,"RT @TXTSO0B1N: üì¢ANNOUNCEMENT üì¢
Hello, Moaville! We have a strategy to keep our spot stable and to increase our votes. We are looking for mo‚Ä¶",-31.93139750827497,http://pbs.twimg.com/profile_images/1448300872320966662/YzepNias_normal.jpg,Mon Dec 06 07:55:08 +0000 2021
29,"RT @DforQ: 211205 - Changmin Fancafe Letter (+ Lyric Translation)

&lt;To.üéû&gt;

Hello, THE B. I'm Q!

THE B Zone has ended safely. I had so many‚Ä¶",-32.044618492223506,http://pbs.twimg.com/profile_images/1467742158669029376/X-WtHHEH_normal.jpg,Mon Dec 06 07:10:21 +0000 2021
240,RT @wallacemick: Would remind you of #Biden strike in #Kabul which they claimed was an attack on ISIS but killed no terrorist - But it did‚Ä¶,-32.044618492223506,http://pbs.twimg.com/profile_images/1223740118587990016/60E-GAPI_normal.jpg,Mon Dec 06 07:28:58 +0000 2021
129,"RT @yjdraft: hello! help me find mutuals! 

‚Ç±80 giveaway! 
‚Äî mbf let's be friends! 
‚Äî like and rt! 
‚Äî bns accounts only! 
‚Äî ends TBA! https‚Ä¶",-32.044618492223506,http://pbs.twimg.com/profile_images/1458694421092864001/SabKRaSy_normal.jpg,Mon Dec 06 07:49:26 +0000 2021
172,"RT @EBTROJANSBB: Hello, I‚Äôm a high school head coach in Southwest Louisiana and we are a very low income area &amp; as baseball season is comin‚Ä¶",-32.044618492223506,http://abs.twimg.com/sticky/default_profile_images/default_profile_normal.png,Mon Dec 06 08:02:52 +0000 2021
171,RT @bibicharts: hello!! as you know on the weekends the stream usually goes down but let's keep listening to bibi's songs! here i leave a p‚Ä¶,-32.044618492223506,http://pbs.twimg.com/profile_images/1466811339699941378/JoJPev9S_normal.jpg,Mon Dec 06 08:02:48 +0000 2021
95,"RT @DforQ: 211205 - Changmin Fancafe Letter (+ Lyric Translation)

&lt;To.üéû&gt;

Hello, THE B. I'm Q!

THE B Zone has ended safely. I had so many‚Ä¶",-32.044618492223506,http://pbs.twimg.com/profile_images/1461948272700911619/5AbNwNE4_normal.jpg,Mon Dec 06 07:33:55 +0000 2021
53,"RT @DforQ: 211205 - Changmin Fancafe Letter (+ Lyric Translation)

&lt;To.üéû&gt;

Hello, THE B. I'm Q!

THE B Zone has ended safely. I had so many‚Ä¶",-32.044618492223506,http://pbs.twimg.com/profile_images/1466065352865976320/CNOzdnOf_normal.jpg,Mon Dec 06 07:20:57 +0000 2021
130,"RT @Smash_Legends: Hello, Smashers!

""I can be the one to help you all. 
That is, if you choose to serve me."" said Witch Queen.
Find out mo‚Ä¶",-32.15372142473613,http://pbs.twimg.com/profile_images/1267115867172569088/ad-XkcoL_normal.jpg,Mon Dec 06 07:49:38 +0000 2021
158,"RT @zelsbt: wts want to sell

pc renjun crazy* 60k
pc chenle hello* 50k
pc chenle concept candylab v4 50k

prefer take all, tp boleh each j‚Ä¶",-32.15372142473613,http://pbs.twimg.com/profile_images/1467723778838843394/eLAlVjgR_normal.jpg,Mon Dec 06 07:59:11 +0000 2021
152,"RT @scintillatxt: ‚Äî hello, pls take note of our üìù pl@n for later. make new accs for it, save it, and let's make a big g4p just how we did l‚Ä¶",-32.554315602609705,http://pbs.twimg.com/profile_images/1467022739462504448/6bGqVYh9_normal.jpg,Mon Dec 06 07:56:49 +0000 2021
